lbhd,lm_v_lm,fleek,selfcheck_nli,selfcheck_bert
93.92221546173096,1348.8222386837006,1703.0694930553436,23.04278802871704,483.3401107788086
76.53416061401367,1294.6393089294434,779.5197710990906,19.49976372718811,478.1329960823059
