lbhd,lm_v_lm,fleek,selfcheck_nli,selfcheck_bert
82.3241765499115,765.548757314682,928.7004599571228,286.76607513427734,467.9079089164734
56.401532888412476,651.216698884964,592.0199248790741,244.62266731262207,427.7600586414337
